Date,Price,Returns
2014-10-01,38.95292663574219,
2014-10-02,38.83412170410156,-0.003049961630652187
2014-10-03,39.11417388916016,0.007211497846982828
2014-10-06,39.11417388916016,0.0
2014-10-07,38.6389274597168,-0.012150235635554951
2014-10-08,39.69974899291992,0.027454735494640392
2014-10-09,38.91050720214844,-0.019880271558196494
2014-10-10,37.36596298217773,-0.03969478506015023
2014-10-13,37.0434684753418,-0.008630702411971836
2014-10-14,37.11137390136719,0.0018331281821137857
2014-10-15,36.67855453491211,-0.011662714713968958
2014-10-16,36.27120971679688,-0.011105803466914144
2014-10-17,37.0265007019043,0.020823429684443173
2014-10-20,37.40839385986328,0.010314049416485727
2014-10-21,38.08731460571289,0.01814888787775648
2014-10-22,37.662994384765625,-0.011140722976663242
2014-10-23,38.20612335205078,0.014420759054273313
2014-10-24,39.14811706542969,0.024655569074592876
2014-10-27,38.9614143371582,-0.0047691368644739995
2014-10-28,39.4536361694336,0.012633571974977276
2014-10-29,39.563941955566406,0.002795833206832965
2014-10-30,39.08021926879883,-0.012226352149410147
2014-10-31,39.84402847290039,0.01954464991222249
2014-11-03,40.25984573364258,0.010436124977297512
2014-11-04,40.37017059326172,0.0027403199790938526
2014-11-05,40.61628723144531,0.006096497353535346
2014-11-06,41.32914733886719,0.01755108987091214
2014-11-07,41.31216430664063,-0.0004109214276140083
2014-11-10,41.49038696289063,0.004314047914002694
2014-11-11,41.473419189453125,-0.00040895674105623225
2014-11-12,41.39702987670898,-0.0018418860618941713
2014-11-13,42.10141372680664,0.01701532337453915
2014-11-14,42.07595443725586,-0.0006047134121429654
2014-11-17,41.974117279052734,-0.0024203172468728607
2014-11-18,41.62397384643555,-0.008341889128706592
2014-11-19,41.179908752441406,-0.010668493489651931
2014-11-20,41.58982467651367,0.009954269848836406
2014-11-21,40.97493743896485,-0.014784559500585104
2014-11-24,40.641876220703125,-0.008128413100272458
2014-11-25,40.539398193359375,-0.0025214885943564136
2014-11-26,40.77851104736328,0.005898283266648763
2014-11-28,40.82975387573242,0.0012566135215095198
2014-12-01,41.52149200439453,0.016942010739703584
2014-12-02,41.38485336303711,-0.003290793147388782
2014-12-03,41.060340881347656,-0.00784133457820324
2014-12-04,41.70937728881836,0.015806892820160234
2014-12-05,41.35069274902344,-0.008599613878461754
2014-12-08,40.73581314086914,-0.014869874415074147
2014-12-09,40.641876220703125,-0.0023060033155879456
2014-12-10,40.05261993408203,-0.01449874714004773
2014-12-11,40.2831916809082,0.005756720714041652
2014-12-12,40.095314025878906,-0.004663921779523239
2014-12-15,39.85619354248047,-0.005963801237324207
2014-12-16,38.56664276123047,-0.03235509130784253
2014-12-17,39.06196975708008,0.012843404568974925
2014-12-18,40.58209991455078,0.03891586028365035
2014-12-19,40.70164489746094,0.002945756458188953
2014-12-22,40.97493743896485,0.006714533090552477
2014-12-23,41.37632369995117,0.00979589685973803
2014-12-24,41.111572265625,-0.006398621497793577
2014-12-26,40.8895378112793,-0.005400777496689324
2014-12-29,40.52231597900391,-0.008980826194960989
2014-12-30,40.15509033203125,-0.009062306487194305
2014-12-31,39.6683235168457,-0.012122169596945453
2015-01-02,39.93305587768555,0.006673646309439452
2015-01-05,39.56583786010742,-0.009195840626445184
2015-01-06,38.98511505126953,-0.014677379280862102
2015-01-07,39.48043823242188,0.012705443616132683
2015-01-08,40.641876220703125,0.02941806221713761
2015-01-09,40.300270080566406,-0.008405274852018363
2015-01-12,39.7964096069336,-0.012502657491513358
2015-01-13,39.59144973754883,-0.005150210066916738
2015-01-14,39.249847412109375,-0.008628184310095488
2015-01-15,38.839935302734375,-0.010443661221687495
2015-01-16,39.48898315429688,0.016710837608342022
2015-01-20,39.617069244384766,0.003243590486678549
2015-01-21,39.2156982421875,-0.010131264372973625
2015-01-22,40.24903869628906,0.026350173538155053
2015-01-23,40.29174041748047,0.0010609376664527659
2015-01-26,40.14655303955078,-0.0036034029909192133
2015-01-27,36.43165588378906,-0.09253340260873577
2015-01-28,35.17627716064453,-0.034458459070567105
2015-01-29,35.876556396484375,0.01990771316253226
2015-01-30,34.501609802246094,-0.03832437481020379
2015-02-02,35.25313949584961,0.02178245299019621
2015-02-03,35.526405334472656,0.007751531992071792
2015-02-04,35.731380462646484,0.0057696557319559805
2015-02-05,36.25231170654297,0.014579096501492916
2015-02-06,36.218143463134766,-0.0009425121268069603
2015-02-09,36.17545700073242,-0.0011785933325321185
2015-02-10,36.38041305541992,0.005665610656510944
2015-02-11,36.19253540039063,-0.005164252938609781
2015-02-12,36.79888153076172,0.01675334771834036
2015-02-13,37.464988708496094,0.018101288681221073
2015-02-17,37.48220443725586,0.00045951511940156564
2015-02-18,37.43918228149414,-0.0011478021745955358
2015-02-19,37.41339874267578,-0.0006886779370474105
2015-02-20,37.72301864624024,0.008275642255705762
2015-02-23,37.97244644165039,0.006612084726019374
2015-02-24,37.92083740234375,-0.0013591181012249098
2015-02-25,37.8348274230957,-0.0022681455669206763
2015-02-26,37.8950309753418,0.001591220479820299
2015-02-27,37.71442031860352,-0.004766077559239856
2015-03-02,37.7402229309082,0.0006841577329494974
2015-03-03,37.22418212890625,-0.013673496389957185
2015-03-04,37.03495407104492,-0.0050834712017590045
2015-03-05,37.07795715332031,0.0011611485245235365
2015-03-06,36.432899475097656,-0.017397335984700835
2015-03-09,36.85433197021485,0.011567360852112518
2015-03-10,36.14908599853516,-0.019136040025081957
2015-03-11,36.1060791015625,-0.0011897091111627844
2015-03-12,35.280399322509766,-0.022868165128929863
2015-03-13,35.59002685546875,0.008776191281979928
2015-03-16,35.744842529296875,0.0043499735040053444
2015-03-17,35.865257263183594,0.003368730294112332
2015-03-18,36.553314208984375,0.019184497709070714
2015-03-19,36.372703552246094,-0.00494102000452501
2015-03-20,36.880149841308594,0.013951294226276056
2015-03-23,36.86293411254883,-0.00046680202856663744
2015-03-24,36.8973503112793,0.0009336261358194875
2015-03-25,35.65882873535156,-0.03356668068246427
2015-03-26,35.443809509277344,-0.006029901533503024
2015-03-27,35.237388610839844,-0.005823891429714068
2015-03-30,35.22880554199219,-0.00024357845986966442
2015-03-31,34.97076797485352,-0.007324618679764416
2015-04-01,35.022369384765625,0.001475558384911757
2015-04-02,34.65252685546875,-0.010560180130409824
2015-04-06,35.73624420166016,0.03127383323910138
2015-04-07,35.71902847290039,-0.0004817442107968306
2015-04-08,35.624420166015625,-0.0026486808552630414
2015-04-09,35.676029205322266,0.0014486983666297526
2015-04-10,35.88246154785156,0.005786303776724733
2015-04-13,35.91685485839844,0.000958499196076934
2015-04-14,35.82225036621094,-0.002633985981246867
2015-04-15,36.34688186645508,0.01464540878590359
2015-04-16,36.26089096069336,-0.0023658399660709817
2015-04-17,35.79644012451172,-0.01280858864403256
2015-04-20,36.90594482421875,0.030994833448460657
2015-04-21,36.6737174987793,-0.00629240970649958
2015-04-22,36.97474670410156,0.008208308997643465
2015-04-23,37.27577972412109,0.008141584374562694
2015-04-24,41.17193984985352,0.10452256544512295
2015-04-27,41.309547424316406,0.0033422659938957544
2015-04-28,42.28142929077149,0.023526809830964
2015-04-29,42.19541549682617,-0.0020343161380330654
2015-04-30,41.83417892456055,-0.008561038397472243
2015-05-01,41.85139083862305,0.0004114318603822831
2015-05-04,41.49015808105469,-0.008631320257939668
2015-05-05,40.93970489501953,-0.013267078543296895
2015-05-06,39.80440139770508,-0.027731110916057622
2015-05-07,40.1656379699707,0.009075292168228666
2015-05-08,41.06871795654297,0.022483894996201403
2015-05-11,40.74189758300781,-0.007957890818042657
2015-05-12,40.724700927734375,-0.00042208773507423913
2015-05-13,40.96550750732422,0.005913034942040429
2015-05-14,41.90299987792969,0.02288492020849131
2015-05-15,41.54176330566406,-0.008620780691548702
2015-05-18,41.29233169555664,-0.006004357789824777
2015-05-19,41.18846893310547,-0.002515303887824505
2015-05-20,41.18846893310547,0.0
2015-05-21,41.04995727539063,-0.0033628746419245292
2015-05-22,40.59980392456055,-0.01096598829105122
2015-05-26,40.33144760131836,-0.006609793577841527
2015-05-27,41.21442794799805,0.021893098294116786
2015-05-28,41.075927734375,-0.00336047885458457
2015-05-29,40.56518173217773,-0.012434192734491756
2015-06-01,40.88547897338867,0.007895866049008049
2015-06-02,40.61710739135742,-0.006563982831310988
2015-06-03,40.5565185546875,-0.0014917073263275293
2015-06-04,40.13235092163086,-0.01045867959511071
2015-06-05,39.94190216064453,-0.004745517185330894
2015-06-08,39.58699035644531,-0.008885701105865729
2015-06-09,39.5177116394043,-0.0017500374849722666
2015-06-10,40.34876251220703,0.02102983291102478
2015-06-11,40.20159530639648,-0.00364737842371321
2015-06-12,39.794734954833984,-0.010120502643280904
2015-06-15,39.37055206298828,-0.010659271693281513
2015-06-16,39.67355728149414,0.007696240022773582
2015-06-17,39.794734954833984,0.003054368744402236
2015-06-18,40.44398880004883,0.01631506896456858
2015-06-19,39.90726089477539,-0.013270894419612489
2015-06-22,40.01980972290039,0.002820259411483006
2015-06-23,39.742794036865234,-0.006921964096112121
2015-06-24,39.50907897949219,-0.005880690148665768
2015-06-25,39.5177116394043,0.0002184981309381051
2015-06-26,39.180118560791016,-0.008542829647976258
2015-06-29,38.409664154052734,-0.01966442254488998
2015-06-30,38.21922302246094,-0.004958156645889389
2015-07-01,38.47892761230469,0.0067951300237349965
2015-07-02,38.43564224243164,-0.001124911024266817
2015-07-06,38.42698669433594,-0.0002251958752531591
2015-07-07,38.34907150268555,-0.0020276164839611033
2015-07-08,38.2971305847168,-0.0013544243949977774
2015-07-09,38.53952407836914,0.006329286031394599
2015-07-10,38.61742782592773,0.0020213987956927415
2015-07-13,39.4224967956543,0.020847296545888794
2015-07-14,39.49174499511719,0.0017565655423052995
2015-07-15,39.61294555664063,0.003069010030790631
2015-07-16,40.39203643798828,0.01966758266520885
2015-07-17,40.357398986816406,-0.000857531687590285
2015-07-20,40.61710739135742,0.006435211660341444
2015-07-21,40.92875289916992,0.007672764700098034
2015-07-22,39.4224967956543,-0.03680190567316732
2015-07-23,39.91593170166016,0.012516581802608284
2015-07-24,39.76876068115234,-0.0036870245597124818
2015-07-27,39.25802230834961,-0.012842702766062919
2015-07-28,39.249359130859375,-0.0002206727945230913
2015-07-29,40.07175064086914,0.0209529920544147
2015-07-30,40.58249282836914,0.012745691898449207
2015-07-31,40.42667388916016,-0.00383956056785284
2015-08-03,40.52188491821289,0.002355153662004783
2015-08-04,41.1538314819336,0.015595191709274925
2015-08-05,41.18846893310547,0.0008416579920893508
2015-08-06,40.357398986816406,-0.020177247851548175
2015-08-07,40.46129989624024,0.002574519469348724
2015-08-10,40.97204208374024,0.012622980201075107
2015-08-11,40.17562484741211,-0.019438065466700016
2015-08-12,40.46129989624024,0.007110656023724182
2015-08-13,40.4526481628418,-0.0002138273713556682
2015-08-14,40.68636703491211,0.005777591398453685
2015-08-17,40.96338653564453,0.006808656582552919
2015-08-18,41.189937591552734,0.00553057437551141
2015-08-19,40.61484146118164,-0.013962053938363694
2015-08-20,39.78703308105469,-0.020381918292556866
2015-08-21,37.53015899658203,-0.05672385975287275
2015-08-24,36.318939208984375,-0.03227323890921874
2015-08-25,35.264591217041016,-0.029030252945343227
2015-08-26,37.21646881103516,0.05534950290451501
2015-08-27,38.25341796875,0.027862642288280837
2015-08-28,38.27954864501953,0.0006830938947959275
2015-08-31,37.92229461669922,-0.009332764908835833
2015-09-01,36.440948486328125,-0.039062671321549614
2015-09-02,37.78286361694336,0.036824374401744686
2015-09-03,37.90486526489258,0.0032290206794836074
2015-09-04,37.12934494018555,-0.02045965126870708
2015-09-08,38.24469757080078,0.030039652797862137
2015-09-09,37.53015899658203,-0.018683337027203706
2015-09-10,37.72187042236328,0.005108196472034976
2015-09-11,37.88742446899414,0.004388807998574551
2015-09-14,37.5040283203125,-0.010119351052626957
2015-09-15,38.32311248779297,0.021839898383311684
2015-09-16,38.60194778442383,0.007275904239763209
2015-09-17,38.55838394165039,-0.0011285400160822023
2015-09-18,37.88742446899414,-0.017401130547161858
2015-09-21,38.4363899230957,0.01448938432198843
2015-09-22,38.25341796875,-0.0047603834468272765
2015-09-23,38.22725677490234,-0.0006838916686878749
2015-09-24,38.26212310791016,0.0009120804355158274
2015-09-25,38.28824996948242,0.000682838782849915
2015-09-28,37.72187042236328,-0.014792515917300242
2015-09-29,37.852569580078125,0.003464811162634085
2015-09-30,38.56709671020508,0.01887658190853725
2015-10-01,38.87208557128906,0.007908006749268282
2015-10-02,39.70860290527344,0.021519744096319515
2015-10-05,40.63225555419922,0.023260769237567924
2015-10-06,40.73683547973633,0.0025738154111973888
2015-10-07,40.7803955078125,0.0010693031887034632
2015-10-08,41.346797943115234,0.013889086367350867
2015-10-09,41.05051803588867,-0.0071657279877920255
2015-10-12,40.95467758178711,-0.0023346953628642364
2015-10-13,40.85882186889648,-0.002340531498489007
2015-10-14,40.67583465576172,-0.004478523970218973
2015-10-15,40.96338272094727,0.00706926035123967
2015-10-16,41.39907455444336,0.010636129258760896
2015-10-19,41.494930267333984,0.002315407141881165
2015-10-20,41.62562942504883,0.0031497620763019096
2015-10-21,41.12895584106445,-0.011931917687363458
2015-10-22,41.8521842956543,0.017584410783114235
2015-10-23,46.06966400146485,0.10077083853060631
2015-10-26,47.27214813232422,0.026101430451525243
2015-10-27,46.78417205810547,-0.010322697264630531
2015-10-28,47.03688049316406,0.005401579721123095
2015-10-29,46.49663162231445,-0.011485644141050688
2015-10-30,45.869232177734375,-0.013493438614572195
2015-11-02,46.39205551147461,0.011398126999693226
2015-11-03,47.18501663208008,0.01709260587536021
2015-11-04,47.402862548828125,0.0046168451830095325
2015-11-05,47.38541412353516,-0.0003680880089254046
2015-11-06,47.85596466064453,0.009930282256954248
2015-11-09,47.193729400634766,-0.013838092382126188
2015-11-10,46.62733459472656,-0.012001484373061366
2015-11-11,46.749324798583984,0.002616280877252075
2015-11-12,46.46177291870117,-0.00615093118717136
2015-11-13,46.04351425170898,-0.00900221065012008
2015-11-16,46.8538932800293,0.017600286196448156
2015-11-17,46.46790313720703,-0.00823816583427417
2015-11-18,47.2398796081543,0.016613111821891957
2015-11-19,47.31883239746094,0.0016713164800914448
2015-11-20,47.53814315795898,0.0046347458165474364
2015-11-23,47.53814315795898,0.0
2015-11-24,47.59077072143555,0.0011070597204796417
2015-11-25,47.09951400756836,-0.010322520657265133
2015-11-27,47.31006240844727,0.0044702881826992336
2015-11-30,47.67849349975586,0.007787584132266989
2015-12-01,48.44170379638672,0.01600743313407693
2015-12-02,48.43292236328125,-0.00018127837002557268
2015-12-03,47.54691696166992,-0.018293453262342108
2015-12-04,49.04701614379883,0.03154987279907573
2015-12-07,48.95930099487305,-0.0017883890972819616
2015-12-08,48.941741943359375,-0.000358645878451358
2015-12-09,48.23116683959961,-0.014518794704571847
2015-12-10,48.48557662963867,0.005274800646750677
2015-12-11,47.42409133911133,-0.021892805331276022
2015-12-14,48.37152862548828,0.019977974477195515
2015-12-15,48.42416763305664,0.001088222949824802
2015-12-16,49.24001693725586,0.01684797786058967
2015-12-17,48.862789154052734,-0.007661000273087026
2015-12-18,47.48550796508789,-0.02818670838913029
2015-12-21,48.09958267211914,0.012931834013078847
2015-12-22,48.55574798583984,0.009483768639537704
2015-12-23,48.96807098388672,0.008491744338221752
2015-12-24,48.83647918701172,-0.0026872979521349594
2015-12-28,49.08210372924805,0.00502953010383389
2015-12-29,49.60845184326172,0.010723829543190844
2015-12-30,49.39791870117188,-0.0042438966399317435
2015-12-31,48.6697998046875,-0.014739869930331828
2016-01-04,48.07326889038086,-0.012256695460029166
2016-01-05,48.29257583618164,0.004561931211727099
2016-01-06,47.41534805297852,-0.01816485801417711
2016-01-07,45.766109466552734,-0.03478280038318071
2016-01-08,45.90645599365234,0.003066603841477278
2016-01-11,45.880149841308594,-0.0005730381876436486
2016-01-12,46.30123519897461,0.009177942075657475
2016-01-13,45.301151275634766,-0.021599508502140208
2016-01-14,46.59072113037109,0.028466602247919415
2016-01-15,44.7309455871582,-0.03991729464776517
2016-01-19,44.35372543334961,-0.008433091428250328
2016-01-20,44.55548477172852,0.00454887016609451
2016-01-21,44.28355407714844,-0.006103192367298171
2016-01-22,45.87136459350586,0.03585553484689208
2016-01-25,45.43275451660156,-0.009561740331709978
2016-01-26,45.766109466552734,0.007337326417867995
2016-01-27,44.932716369628906,-0.018209830519522296
2016-01-28,45.66960525512695,0.016399829456919424
2016-01-29,48.32766342163086,0.05820190806675529
2016-02-01,47.99431991577149,-0.006897571334064656
2016-02-02,46.49422073364258,-0.031255764948050935
2016-02-03,45.75732421875,-0.015849206702788554
2016-02-04,45.616973876953125,-0.003067275986810558
2016-02-05,44.00283432006836,-0.03538462593416947
2016-02-08,43.34488677978516,-0.014952390009639105
2016-02-09,43.23085403442383,-0.002630823468075527
2016-02-10,43.608055114746094,0.00872527477763696
2016-02-11,43.59052658081055,-0.0004019563332834375
2016-02-12,44.30109024047852,0.0163008735017387
2016-02-16,45.140472412109375,0.01894721251947651
2016-02-17,46.31557083129883,0.026032036361104183
2016-02-18,46.11236572265625,-0.004387403739073759
2016-02-19,45.78544616699219,-0.007089628791338232
2016-02-22,46.518802642822266,0.01601723991408366
2016-02-23,45.2199821472168,-0.02792033375360048
2016-02-24,45.379032135009766,0.0035172501235221088
2016-02-25,46.032840728759766,0.014407724514811537
2016-02-26,45.32602310180664,-0.01535463846600127
2016-02-29,44.95491790771485,-0.008187464257745525
2016-03-01,46.45694732666016,0.03341190438894226
2016-03-02,46.78385925292969,0.007036879198515811
2016-03-03,46.25373840332031,-0.011331276599977791
2016-03-04,45.97100067138672,-0.006112754162013845
2016-03-07,45.08744812011719,-0.019219780695778343
2016-03-08,45.63525390625,0.012149851210771612
2016-03-09,46.686668395996094,0.02303952317009239
2016-03-10,45.988677978515625,-0.014950529593590112
2016-03-11,46.88988876342773,0.019596362072706652
2016-03-14,46.97823333740234,0.0018840858083568612
2016-03-15,47.34933853149414,0.007899513619988419
2016-03-16,48.02082443237305,0.014181526536685807
2016-03-17,48.294734954833984,0.005703994583572403
2016-03-18,47.260986328125,-0.02140499637643245
2016-03-21,47.587886810302734,0.006916920436406571
2016-03-22,47.7734375,0.0038991159753933857
2016-03-23,47.6850814819336,-0.0018494800183972426
2016-03-24,47.89712905883789,0.00444683264271295
2016-03-28,47.30516052246094,-0.012359165319695165
2016-03-29,48.33890914916992,0.021852766490838782
2016-03-30,48.63931274414063,0.006214529873723285
2016-03-31,48.79835510253906,0.003269831529796541
2016-04-01,49.098758697509766,0.006156018872756519
2016-04-04,48.97505569458008,-0.002519473123379856
2016-04-05,48.20636749267578,-0.015695504395094817
2016-04-06,48.70116424560547,0.010264136848827432
2016-04-07,48.11801910400391,-0.01197394663217266
2016-04-08,48.08266830444336,-0.0007346686380448331
2016-04-11,47.98548126220703,-0.0020212489377871012
2016-04-12,48.28588485717773,0.006260301805231405
2016-04-13,48.90437698364258,0.01280896328801373
2016-04-14,48.913204193115234,0.00018049937484354572
2016-04-15,49.16944885253906,0.005238762490638482
2016-04-18,49.88511276245117,0.014555052509504618
2016-04-19,49.82327651977539,-0.0012395730760446089
2016-04-20,49.11642074584961,-0.014187259917464945
2016-04-21,49.284305572509766,0.003418099774184835
2016-04-22,45.75010681152344,-0.07171043032728996
2016-04-25,46.041690826416016,0.006373406210696153
2016-04-26,45.449703216552734,-0.012857642698118177
2016-04-27,45.0079231262207,-0.009720197472513625
2016-04-28,44.08903884887695,-0.02041605596345386
2016-04-29,44.062530517578125,-0.0006012453886711233
2016-05-02,44.71635818481445,0.014838631816107117
2016-05-03,43.983009338378906,-0.016400012796314645
2016-05-04,44.062530517578125,0.0018079976880942539
2016-05-05,44.12438583374024,0.001403807621476405
2016-05-06,44.52198791503906,0.009010937462041513
2016-05-09,44.23925018310547,-0.006350519039561742
2016-05-10,45.07860565185547,0.01897309437379535
2016-05-11,45.105125427246094,0.000588300702897504
2016-05-12,45.51155090332031,0.009010627333910781
2016-05-13,45.13163375854492,-0.008347708158362832
2016-05-16,45.79429244995117,0.014682798654076734
2016-05-17,44.94013977050781,-0.018651946208730452
2016-05-18,45.20707321166992,0.005939755473063357
2016-05-19,44.77110290527344,-0.009643851623730937
2016-05-20,45.03802108764648,0.00596184067517358
2016-05-23,44.51308822631836,-0.011655326958228684
2016-05-24,45.90104675292969,0.031180908400570084
2016-05-25,46.37261581420898,0.010273601467469584
2016-05-26,46.16797256469727,-0.00441301932010052
2016-05-27,46.5505485534668,0.008286610122058224
2016-05-31,47.15558242797852,0.01299735219697351
2016-06-01,47.022117614746094,-0.0028303078100301304
2016-06-02,46.692909240722656,-0.007001138841101429
2016-06-03,46.079010009765625,-0.013147590093221861
2016-06-06,46.38151168823242,0.00656484760420617
2016-06-07,46.35480880737305,-0.0005757225214837458
2016-06-08,46.30143737792969,-0.0011513676966103947
2016-06-09,45.9277458190918,-0.008070841425238728
2016-06-10,45.80318069458008,-0.00271219765503794
2016-06-13,44.61094665527344,-0.026029503218489736
2016-06-14,44.33514022827149,-0.0061824831724197615
2016-06-15,44.21056365966797,-0.0028098832655565342
2016-06-16,44.83338928222656,0.014087710515366725
2016-06-17,44.60205841064453,-0.005159789953103955
2016-06-20,44.54868698120117,-0.0011966135946457346
2016-06-21,45.545169830322266,0.022368399983182297
2016-06-22,45.36722183227539,-0.003907066297256456
2016-06-23,46.185768127441406,0.01804268064269432
2016-06-24,44.33514022827149,-0.04006922422646375
2016-06-27,43.08951568603516,-0.028095649090606023
2016-06-28,43.9881477355957,0.020855004639835695
2016-06-29,44.96684265136719,0.02224905948880207
2016-06-30,45.5273666381836,0.012465273382928244
2016-07-01,45.51847457885742,-0.0001953124018098107
2016-07-05,45.5273666381836,0.0001953505561960167
2016-07-06,45.71421813964844,0.004104157900231442
2016-07-07,45.71421813964844,0.0
2016-07-08,46.53276824951172,0.017905810121541688
2016-07-11,46.79079055786133,0.005544959349206957
2016-07-12,47.34241485595703,0.011789163882870657
2016-07-13,47.60933303833008,0.005638034797869285
2016-07-14,47.81396484375,0.004298144761977207
2016-07-15,47.77839279174805,-0.0007439678369739466
2016-07-18,48.00970458984375,0.004841347407894769
2016-07-19,47.235652923583984,-0.016122816686181207
2016-07-20,49.74468612670898,0.053117360464647545
2016-07-21,49.646820068359375,-0.0019673670892267348
2016-07-22,50.33189392089844,0.01379894727589348
2016-07-25,50.47425842285156,0.0028285147023647816
2016-07-26,50.50094604492188,0.0005287372792432965
2016-07-27,49.99380874633789,-0.010042134619277832
2016-07-28,50.0116081237793,0.0003560316344712877
2016-07-29,50.429786682128906,0.008361629910292212
2016-08-01,50.34079360961914,-0.0017646926224517134
2016-08-02,50.34079360961914,0.0
2016-08-03,50.68778991699219,0.006892944717239002
2016-08-04,51.06147766113281,0.007372342427093059
2016-08-05,51.568634033203125,0.00993226979125117
2016-08-08,51.65757751464844,0.0017247593059774857
2016-08-09,51.78215789794922,0.002411657481721008
2016-08-10,51.62201690673828,-0.003092590145171936
2016-08-11,51.871131896972656,0.00482575081644776
2016-08-12,51.55082321166992,-0.006175085709310135
2016-08-15,51.71098327636719,0.003106838159298464
2016-08-16,51.42449569702149,-0.005540168861508099
2016-08-17,51.53191375732422,0.002088850047953894
2016-08-18,51.56772994995117,0.0006950293520171513
2016-08-19,51.58564758300781,0.0003474582471252319
2016-08-22,51.63039016723633,0.0008673455956236253
2016-08-23,51.82736587524414,0.0038151117465854423
2016-08-24,51.881080627441406,0.0010364167904377553
2016-08-25,52.07804489135742,0.0037964564641668197
2016-08-26,51.95270156860352,-0.002406836182413996
2016-08-29,52.0153694152832,0.0012062480831132039
2016-08-30,51.82736587524414,-0.0036143844050797735
2016-08-31,51.4424057006836,-0.007427739536043476
2016-09-01,51.55878448486328,0.0022623122420990516
2016-09-02,51.63039016723633,0.0013888163401925002
2016-09-06,51.5766830444336,-0.0010402230668559165
2016-09-07,51.62145233154297,0.0008680140805255032
2016-09-08,51.41554641723633,-0.003988766394718901
2016-09-09,50.32330322265625,-0.021243442318331973
2016-09-12,51.07533645629883,0.014944035575629844
2016-09-13,50.60978698730469,-0.009114956479875036
2016-09-14,50.36807632446289,-0.004775966808602261
2016-09-15,51.20067596435547,0.016530304523228345
2016-09-16,51.254390716552734,0.001049102403153146
2016-09-19,50.96791076660156,-0.005589373826243804
2016-09-20,50.8604736328125,-0.0021079367816556616
2016-09-21,51.71098327636719,0.01672240903014277
2016-09-22,51.76469421386719,0.001038675617768492
2016-09-23,51.41554641723633,-0.006744902137127418
2016-09-26,50.94105529785156,-0.009228553471634426
2016-09-27,51.881080627441406,0.018453197015521727
2016-09-28,51.95270156860352,0.001380482832969987
2016-09-29,51.388671875,-0.010856599879771833
2016-09-30,51.56772994995117,0.0034843880648778303
2016-10-03,51.40659332275391,-0.0031247570399870472
2016-10-04,51.24543762207031,-0.003134922784550076
2016-10-05,51.603553771972656,0.00698825430164951
2016-10-06,51.69308090209961,0.001734902416266948
2016-10-07,51.74678802490234,0.0010389615373176397
2016-10-10,51.96166229248047,0.004152417488689775
2016-10-11,51.20067596435547,-0.014645149799896284
2016-10-12,51.12904739379883,-0.0013989770487894404
2016-10-13,50.958946228027344,-0.003326898787324506
2016-10-14,51.40659332275391,0.008784465297289934
2016-10-17,51.2275276184082,-0.0034833217447702847
2016-10-18,51.62145233154297,0.0076897076913235995
2016-10-19,51.50506591796875,-0.0022546133112784084
2016-10-20,51.254390716552734,-0.004867000885218964
2016-10-21,53.41199493408203,0.04209598801908099
2016-10-24,54.61166000366211,0.022460592813667413
2016-10-25,54.60270690917969,-0.00016394107928274781
2016-10-26,54.28041076660156,-0.005902567122069602
2016-10-27,53.8059196472168,-0.008741479894561088
2016-10-28,53.60000228881836,-0.0038270391018042638
2016-10-31,53.64475631713867,0.000834963179276782
2016-11-01,53.53733825683594,-0.0020023962764915693
2016-11-02,53.206085205078125,-0.006187327621120842
2016-11-03,53.00912857055664,-0.0037017689567336864
2016-11-04,52.56149673461914,-0.008444429252250196
2016-11-07,54.0924072265625,0.02912608253286364
2016-11-08,54.13716125488281,0.0008273624823695869
2016-11-09,53.86858749389648,-0.004960987143782125
2016-11-10,52.552528381347656,-0.024430919275504226
2016-11-11,52.83901596069336,0.0054514518743380425
2016-11-14,52.03327178955078,-0.015249038167969742
2016-11-15,53.06078338623047,0.019747203305521044
2016-11-16,53.7638053894043,0.013249370972465924
2016-11-17,54.65612411499024,0.016597015764099998
2016-11-18,54.39473342895508,-0.00478245924436993
2016-11-21,54.85441207885742,0.008450793319958683
2016-11-22,55.0887451171875,0.0042719086660378824
2016-11-23,54.43980407714844,-0.011779920538371402
2016-11-25,54.55696868896485,0.0021521865076952196
2016-11-28,54.62908554077149,0.0013218632475309189
2016-11-29,55.06173324584961,0.00791973178381733
2016-11-30,54.3136100769043,-0.01358698909104361
2016-12-01,53.35822677612305,-0.01759012703130014
2016-12-02,53.40327072143555,0.0008441799518843496
2016-12-05,54.27756881713867,0.016371620762025474
2016-12-06,54.034210205078125,-0.004483594555983572
2016-12-07,55.314083099365234,0.023686344066648823
2016-12-08,54.98960113525391,-0.005866172698342109
2016-12-09,55.85487365722656,0.015735202731229192
2016-12-12,56.0351448059082,0.003227491835142926
2016-12-13,56.76521301269531,0.013028755601790287
2016-12-14,56.494815826416016,-0.004763431191896039
2016-12-15,56.40468215942383,-0.0015954325308207284
2016-12-16,56.152320861816406,-0.004474119664288567
2016-12-19,57.3420524597168,0.021187576571022992
2016-12-20,57.26994323730469,-0.001257527753523724
2016-12-21,57.26994323730469,0.0
2016-12-22,57.27895736694336,0.00015739721622076708
2016-12-23,56.99955749511719,-0.004877879847502542
2016-12-27,57.03559875488281,0.0006323077116645592
2016-12-28,56.77423477172852,-0.004582471103311003
2016-12-29,56.693115234375,-0.001428808995483255
2016-12-30,56.00810623168945,-0.012082754667011142
2017-01-03,56.40468215942383,0.007080688036368521
2017-01-04,56.152320861816406,-0.004474119664288567
2017-01-05,56.152320861816406,0.0
2017-01-06,56.63901138305664,0.008667326902443095
2017-01-09,56.458763122558594,-0.0031824047789077436
2017-01-10,56.44073486328125,-0.000319317290713772
2017-01-11,56.95448303222656,0.009102435859309477
2017-01-12,56.43172073364258,-0.009178597904017316
2017-01-13,56.51283645629883,0.0014374135964967394
2017-01-17,56.3596076965332,-0.0027113974341761438
2017-01-18,56.33258056640625,-0.00047954787535919863
2017-01-19,56.152320861816406,-0.0031999191724821907
2017-01-20,56.54890060424805,0.007062570813547886
2017-01-23,56.7471809387207,0.0035063517124815924
2017-01-24,57.251930236816406,0.008894702604535842
2017-01-25,57.39613723754883,0.002518814651941481
2017-01-26,57.92791748046875,0.009265087661195937
2017-01-27,59.28892135620117,0.023494783429618415
2017-01-30,58.70304870605469,-0.009881654729837708
2017-01-31,58.27042388916016,-0.0073697163338282135
2017-02-01,57.30601119995117,-0.01655063795388656
2017-02-02,56.936466217041016,-0.006448625112307038
2017-02-03,57.39613723754883,0.008073402707424071
2017-02-06,57.360084533691406,-0.0006281381568973288
2017-02-07,57.17081069946289,-0.00329974817448786
2017-02-08,57.08968353271485,-0.001419031246111091
2017-02-09,57.7386474609375,0.011367446586926011
2017-02-10,57.68456268310547,-0.0009367170900326238
2017-02-13,58.3335189819336,0.011250086134712012
2017-02-14,58.55113983154297,0.003730631263249684
2017-02-15,58.5148811340332,-0.0006192654423822219
2017-02-16,58.50579071044922,-0.00015535233786367897
2017-02-17,58.59648513793945,0.0015501786470861756
2017-02-21,58.47858810424805,-0.0020120154547472735
2017-02-22,58.36071014404297,-0.0020157456605303103
2017-02-23,58.59648513793945,0.004039961016830684
2017-02-24,58.59648513793945,0.0
2017-02-27,58.24283218383789,-0.006035395352964268
2017-02-28,58.01613998413086,-0.0038921905272651935
2017-03-01,58.88665390014648,0.015004685183359845
2017-03-02,58.04334259033203,-0.014320924249566658
2017-03-03,58.26095581054688,0.0037491503849245156
2017-03-06,58.27909851074219,0.00031140409461016816
2017-03-07,58.39698791503906,0.0020228419332042336
2017-03-08,58.93199920654297,0.009161624779043143
2017-03-09,58.69622421264648,-0.0040007974796537615
2017-03-10,58.877586364746094,0.003089843589300978
2017-03-13,58.6780891418457,-0.003388339013500108
2017-03-14,58.406063079833984,-0.004635905258505213
2017-03-15,58.71436309814453,0.005278561883021338
2017-03-16,58.6146125793457,-0.0016989117063586079
2017-03-17,58.82318115234375,0.0035583033619084325
2017-03-20,58.877586364746094,0.0009248940865922428
2017-03-21,58.22469711303711,-0.011088926907844687
2017-03-22,58.96826171875,0.012770604959427168
2017-03-23,58.82318115234375,-0.0024603161459669787
2017-03-24,58.92292404174805,0.0016956391587523711
2017-03-27,59.0317497253418,0.0018469158712599576
2017-03-28,59.20402526855469,0.002918354004657564
2017-03-29,59.36724472045898,0.002756897882600251
2017-03-30,59.58486557006836,0.0036656720491929917
2017-03-31,59.72090148925781,0.0022830616111650937
2017-04-03,59.439788818359375,-0.004707106957335561
2017-04-04,59.60301208496094,0.0027460270274572984
2017-04-05,59.44886779785156,-0.002586182840720319
2017-04-06,59.60301208496094,0.0025928885245303235
2017-04-07,59.55768203735352,-0.0007605328325152039
2017-04-10,59.421661376953125,-0.002283847452543397
2017-04-11,59.37631607055664,-0.0007631107132604065
2017-04-12,59.14961624145508,-0.003818017756981984
2017-04-13,58.89571762084961,-0.004292481282871297
2017-04-17,59.37631607055664,0.008160159500915753
2017-04-18,59.29471206665039,-0.001374352760607156
2017-04-19,58.97733688354492,-0.005352503993083291
2017-04-20,59.39445114135742,0.007072449857071783
2017-04-21,60.2105598449707,0.013740487333925522
2017-04-24,61.235233306884766,0.017018168649359566
2017-04-25,61.58887100219727,0.00577506896299762
2017-04-26,61.50726318359375,-0.0013250416394320341
2017-04-27,61.9062385559082,0.0064866383523445315
2017-04-28,62.07853317260742,0.0027831543430574257
2017-05-01,62.93999099731445,0.013876903668322393
2017-05-02,62.84024429321289,-0.0015847905683020747
2017-05-03,62.64073181152344,-0.0031749157555550633
2017-05-04,62.39590072631836,-0.003908496566447206
2017-05-05,62.568206787109375,0.0027614964891169436
2017-05-08,62.5138053894043,-0.0008694734993793807
2017-05-09,62.60447311401367,0.0014503632284836865
2017-05-10,62.84929275512695,0.003910577454544262
2017-05-11,62.07853317260742,-0.012263615845647835
2017-05-12,62.0059928894043,-0.0011685244398643713
2017-05-15,62.05132293701172,0.0007310591363043351
2017-05-16,63.30076599121094,0.020135639258932914
2017-05-17,61.54063034057617,-0.02780591392652587
2017-05-18,61.750396728515625,0.0034085836751844845
2017-05-19,61.73214721679688,-0.00029553675256499545
2017-05-22,62.42525863647461,0.011227722522652472
2017-05-23,62.6349983215332,0.003359852880706171
2017-05-24,62.71706771850586,0.001310280181558543
2017-05-25,63.492279052734375,0.012360452464198701
2017-05-26,63.802345275878906,0.004883526434560581
2017-05-30,64.21273040771484,0.006432132393589196
2017-05-31,63.69288635253906,-0.008095654115236384
2017-06-01,63.930023193359375,0.0037231291341981443
2017-06-02,65.44391632080078,0.023680472050863655
2017-06-05,65.91814422607422,0.007246325280241717
2017-06-06,66.13701629638672,0.003320361531444993
2017-06-07,66.0184555053711,-0.0017926540635626598
2017-06-08,65.61717987060547,-0.006078234210325939
2017-06-09,64.13066101074219,-0.02265441554779768
2017-06-12,63.638160705566406,-0.007679638684735868
2017-06-13,64.43161010742188,0.012468138504607484
2017-06-14,64.08505249023438,-0.00537868938258268
2017-06-15,63.74763488769531,-0.0052651529401568364
2017-06-16,63.83882141113281,0.0014304299068998994
2017-06-19,64.63221740722656,0.012428111587213353
2017-06-20,63.75675964355469,-0.013545222472500118
2017-06-21,64.08505249023438,0.005149145730038329
2017-06-22,64.07589721679688,-0.00014286129263751945
2017-06-23,64.94229888916016,0.013521491075370484
2017-06-26,64.32218933105469,-0.009548623450547078
2017-06-27,63.11834335327149,-0.018715873795700833
2017-06-28,63.65641784667969,0.00852485133199088
2017-06-29,62.46173858642578,-0.018767616851004143
2017-06-30,62.86300277709961,0.0064241598097467545
2017-07-03,62.169883728027344,-0.011025866065131118
2017-07-05,62.999794006347656,0.013349072389308159
2017-07-06,62.5346908569336,-0.007382613812470407
2017-07-07,63.34634399414063,0.012979246016645796
2017-07-10,63.820587158203125,0.0074865119935945135
2017-07-11,63.82969284057617,0.0001426762550849059
2017-07-12,64.88761138916016,0.016574081771414617
2017-07-13,65.45303344726562,0.008713867655173457
2017-07-14,66.37413024902344,0.014072637328565119
2017-07-17,66.89395904541016,0.007831798238808085
2017-07-18,66.84837341308594,-0.0006814611210748112
2017-07-19,67.35905456542969,0.007639395340078403
2017-07-20,67.68740844726562,0.004874680678853549
2017-07-21,67.29524230957031,-0.005793782724017871
2017-07-24,67.1219711303711,-0.00257479092507229
2017-07-25,67.66004943847656,0.008016425904125546
2017-07-26,67.53236389160156,-0.0018871630738476197
2017-07-27,66.72067260742188,-0.012019293230762118
2017-07-28,66.61124420166016,-0.0016400974613308694
2017-07-31,66.3011703491211,-0.004654977643118952
2017-08-01,66.19173431396484,-0.0016505897947199921
2017-08-02,65.89990234375,-0.004408888409398792
2017-08-03,65.79959869384766,-0.0015220606758888922
2017-08-04,66.2829360961914,0.007345598027012734
2017-08-07,66.027587890625,-0.0038523973228319353
2017-08-08,66.38325500488281,0.00538664406228162
2017-08-09,66.0914306640625,-0.0043960535047407046
2017-08-10,65.12471771240234,-0.014626903093895471
2017-08-11,66.1187744140625,0.01526389267512851
2017-08-14,67.11284637451172,0.01503463984713238
2017-08-15,67.13117980957031,0.00027317326039622003
2017-08-16,67.5254135131836,0.005872587145520081
2017-08-17,66.37936401367188,-0.01697212115980551
2017-08-18,66.46188354492188,0.0012431503747611927
2017-08-21,66.1501693725586,-0.004690119444968666
2017-08-22,67.07615661621094,0.013998259602891805
2017-08-23,66.67276763916016,-0.006013895211063547
2017-08-24,66.64525604248047,-0.00041263618796483215
2017-08-25,66.76445007324219,0.0017884848500806516
2017-08-28,66.77361297607422,0.0001372422422707409
2017-08-29,66.97530364990234,0.0030205146140644956
2017-08-30,67.8554916381836,0.0131419783161002
2017-08-31,68.55225372314453,0.0102683226978324
2017-09-01,67.79129791259766,-0.01110037627092575
2017-09-05,67.48875427246094,-0.004462868383590779
2017-09-06,67.29619598388672,-0.002853190737479583
2017-09-07,68.15803527832031,0.012806656926640514
2017-09-08,67.82797241210938,-0.004842611217637627
2017-09-11,68.54312133789062,0.010543569273103737
2017-09-12,68.46976470947266,-0.0010702259685015925
2017-09-13,68.95568084716797,0.007096798707533658
2017-09-14,68.55225372314453,-0.0058505277457500116
2017-09-15,69.04736328125,0.007222367336091162
2017-09-18,68.90985107421875,-0.0019915634789864356
2017-09-19,69.16656494140625,0.003725358032061532
2017-09-20,68.7081527709961,-0.006627655584725001
2017-09-21,68.03885650634766,-0.009741147704540931
2017-09-22,68.22224426269531,0.002695338601561348
2017-09-25,67.1678466796875,-0.015455334171473045
2017-09-26,67.1678466796875,0.0
2017-09-27,67.70878601074219,0.008053545822815256
2017-09-28,67.72711944580078,0.0002707689228940158
2017-09-29,68.29556274414062,0.008393141521318537
2017-10-02,68.40558624267578,0.0016109904379491002
2017-10-03,68.084716796875,-0.004690690679303056
2017-10-04,68.47895812988281,0.005790452711788463
2017-10-05,69.65250396728516,0.017137320272549994
2017-10-06,69.68001556396484,0.0003949835987606676
2017-10-09,69.9458999633789,0.0038157913321643644
2017-10-10,69.9458999633789,0.0
2017-10-11,70.06507873535156,0.001703870734883095
2017-10-12,70.70685577392578,0.009159727644042492
2017-10-13,71.04610443115234,0.004797959879749847
2017-10-16,71.1927719116211,0.0020643986273853887
2017-10-17,71.13777160644531,-0.0007725546245630488
2017-10-18,71.1561279296875,0.0002580390533419852
2017-10-19,71.43116760253906,0.0038652984760967346
2017-10-20,72.25631713867188,0.011551673643697802
2017-10-23,72.27465057373047,0.0002537277816609951
2017-10-24,72.30216979980469,0.00038075903315704096
2017-10-25,72.09127807617188,-0.002916810438977735
2017-10-26,72.21049499511719,0.0016536940685023538
2017-10-27,76.84053039550781,0.06411859385126362
2017-10-30,76.91388702392578,0.0009546606203834074
2017-10-31,76.26290893554688,-0.00846372629921055
2017-11-01,76.26290893554688,0.0
2017-11-02,77.0605697631836,0.010459354865559378
2017-11-03,77.1430892944336,0.0010708398796375196
2017-11-06,77.44564056396484,0.0039219490987261185
2017-11-07,77.26227569580078,-0.0023676590035124345
2017-11-08,77.52816772460938,0.0034414211387647775
2017-11-09,77.09725952148438,-0.005558085735440588
2017-11-10,76.89554595947266,-0.002616351907495651
2017-11-13,76.9505615234375,0.0007154583959108063
2017-11-14,77.0605697631836,0.0014295963222124008
2017-11-15,76.46163940429688,-0.007772202576847076
2017-11-16,76.66435241699219,0.0026511727223561543
2017-11-17,75.92718505859375,-0.009615516666583779
2017-11-20,76.04698944091797,0.0015778852097805274
2017-11-21,77.14351654052734,0.014419073097710067
2017-11-22,76.58141326904297,-0.0072864616067777055
2017-11-24,76.71965026855469,0.0018050985691013821
2017-11-27,77.28173828125,0.007326519486568817
2017-11-28,78.2123794555664,0.012042187391406056
2017-11-29,76.79335021972656,-0.018143281737720507
2017-11-30,77.55815887451172,0.009959308359341446
2017-12-01,77.6410903930664,0.0010692816817490236
2017-12-04,74.71088409423828,-0.037740406323425346
2017-12-05,75.18081665039062,0.006290014659170451
2017-12-06,76.2773666381836,0.014585502481200718
2017-12-07,76.01012420654297,-0.003503561323875637
2017-12-08,77.54895782470703,0.020245113848025964
2017-12-11,78.53490447998047,0.012713860803933441
2017-12-12,78.85739135742188,0.004106287256306684
2017-12-13,78.64546966552734,-0.0026874042907911733
2017-12-14,78.0373306274414,-0.007732664585414772
2017-12-15,80.02763366699219,0.025504499238354184
2017-12-18,79.59453582763672,-0.00541185362493235
2017-12-19,79.08777618408203,-0.006366764229294386
2017-12-20,78.80211639404297,-0.0036119335227503546
2017-12-21,78.7836685180664,-0.00023410381371380407
2017-12-22,78.79289245605469,0.0001170793155711447
2017-12-26,78.69155883789062,-0.0012860756218662228
2017-12-27,78.97718048095703,0.003629635087732952
2017-12-28,78.98638916015625,0.00011659923971896191
2017-12-29,78.8205337524414,-0.0020997973129085468
2018-01-02,79.19833374023438,0.0047931670823184724
2018-01-03,79.5669174194336,0.004653932245697767
2018-01-04,80.26724243164062,0.008801710998998402
2018-01-05,81.26238250732422,0.012397835599386564
2018-01-08,81.34530639648438,0.0010204461966480949
2018-01-09,81.29002380371094,-0.0006796039651505437
2018-01-10,80.92144775390625,-0.0045340871186688725
2018-01-11,81.16101837158203,0.00296053301473731
2018-01-12,82.56159973144531,0.017256823385962905
2018-01-16,81.40980529785156,-0.013950728151347347
2018-01-17,83.05921173095703,0.020260537745678597
2018-01-18,83.02234649658203,-0.0004438428153449303
2018-01-19,82.93017578125,-0.0011101916438344128
2018-01-22,84.4137191772461,0.01788906609711427
2018-01-23,84.6809310913086,0.0031655033881570205
2018-01-24,84.60723114013672,-0.0008703252340530598
2018-01-25,85.0771713256836,0.00555437377177026
2018-01-26,86.67127990722656,0.01873720713445648
2018-01-29,86.54227447509766,-0.0014884449873936445
2018-01-30,85.45496368408203,-0.012563926677574111
2018-01-31,87.54663848876953,0.024476925792399795
2018-02-01,86.85555267333984,-0.00789391605844858
2018-02-02,84.57035827636719,-0.026310285602201833
2018-02-05,81.08729553222656,-0.041185384750982545
2018-02-06,84.15570068359375,0.03784076323211094
2018-02-07,82.57083129882812,-0.018832584981074207
2018-02-08,78.3321533203125,-0.05133384164652077
2018-02-09,81.2531509399414,0.0372898930492116
2018-02-12,82.1285400390625,0.01077360187259857
2018-02-13,82.7735366821289,0.007853501873521962
2018-02-14,84.06963348388672,0.01565834750706796
2018-02-15,85.78231811523438,0.020372214798294763
2018-02-16,85.17129516601562,-0.007122947509974553
2018-02-20,85.83787536621094,0.007826348054189136
2018-02-21,84.69915771484375,-0.013265911423239074
2018-02-22,84.92135620117188,0.0026233848402152926
2018-02-23,87.0783920288086,0.025400393071053573
2018-02-26,88.33744812011719,0.014458880808134955
2018-02-27,87.20799255371094,-0.012785693841534385
2018-02-28,86.80992889404297,-0.00456453185094019
2018-03-01,85.95820617675781,-0.009811351398809953
2018-03-02,86.14337921142578,0.002154221718950078
2018-03-05,86.6895751953125,0.006340545134016162
2018-03-06,86.39331817626953,-0.0034174468888040765
2018-03-07,86.89324188232422,0.005786601517430823
2018-03-08,87.4208984375,0.0060724694319769235
2018-03-09,89.37432861328125,0.02234511667914063
2018-03-12,89.58724975585938,0.0023823523586892215
2018-03-13,87.40242004394531,-0.024387730596352686
2018-03-14,86.88397979736328,-0.005931646358548925
2018-03-15,87.18949890136719,0.003516403193275286
2018-03-16,87.57830810546875,0.004459358168136696
2018-03-19,85.99523162841797,-0.01807612537050063
2018-03-20,86.2174301147461,0.002583846593823269
2018-03-21,85.61569213867188,-0.006979307725518691
2018-03-22,83.12533569335938,-0.02908761680369143
2018-03-23,80.70905303955078,-0.029067944612242047
2018-03-26,86.81917572021484,0.07570554294163068
2018-03-27,82.82909393310547,-0.04595853109649295
2018-03-28,82.7550277709961,-0.000894204663993925
2018-03-29,84.4954833984375,0.021031418565379267
2018-04-02,81.94960021972656,-0.030130405511805347
2018-04-03,83.0512924194336,0.013443533546876774
2018-04-04,85.47682189941406,0.02920519849023928
2018-04-05,85.52307891845703,0.0005411644702630891
2018-04-06,83.53268432617188,-0.023273186810579216
2018-04-09,84.0325927734375,0.005984584971717499
2018-04-10,85.9859848022461,0.02324564748436586
2018-04-11,85.04170989990234,-0.01098173038914918
2018-04-12,86.63402557373047,0.018723937650152456
2018-04-13,86.171142578125,-0.005342969953664789
2018-04-16,87.18023681640625,0.011710349985975643
2018-04-17,88.93919372558594,0.02017609693907918
2018-04-18,89.28173065185547,0.00385136082216353
2018-04-19,88.97622680664062,-0.0034217957356373896
2018-04-20,87.94862365722656,-0.011549187758289725
2018-04-23,88.27263641357422,0.003684114007405981
2018-04-24,86.20817565917969,-0.023387324070872184
2018-04-25,85.45829772949219,-0.008698454919775944
2018-04-26,87.26356506347656,0.02112454123177976
2018-04-27,88.70777893066406,0.01655002137646977
2018-04-30,86.57848358154297,-0.024003479455678822
2018-05-01,87.94862365722656,0.015825410875822676
2018-05-02,86.56922149658203,-0.015684181324094992
2018-05-03,87.08766174316406,0.0059887363848190045
2018-05-04,88.09674072265625,0.011586933892749673
2018-05-07,89.07806396484375,0.01113915491240336
2018-05-08,88.69847106933594,-0.0042613509837576835
2018-05-09,89.74464416503906,0.011794713968466652
2018-05-10,90.64263153076172,0.01000602736884515
2018-05-11,90.4482192993164,-0.002144821130654506
2018-05-14,90.75372314453124,0.0033776656697224183
2018-05-15,90.0964126586914,-0.007242793607409537
2018-05-16,90.32887268066406,0.002580125169392433
2018-05-17,89.42697143554688,-0.009984639665609918
2018-05-18,89.5943374633789,0.001871538587803645
2018-05-21,90.7472915649414,0.012868604581553589
2018-05-22,90.654296875,-0.0010247654595273437
2018-05-23,91.73287200927734,0.011897672492728661
2018-05-24,91.40743255615234,-0.0035476862982343205
2018-05-25,91.45394134521484,0.0005088075199348729
2018-05-29,91.12847137451172,-0.0035588402852377854
2018-05-30,92.00250244140624,0.009591196403399671
2018-05-31,91.90020751953124,-0.0011118710813344812
2018-06-01,93.71329498291016,0.019728872353129256
2018-06-04,94.5315170288086,0.008731120232701839
2018-06-05,95.0150146484375,0.005114671115259428
2018-06-06,95.29393768310548,0.0029355679804925483
2018-06-07,93.7969741821289,-0.015708905911251625
2018-06-08,94.49432373046876,0.007434669981845943
2018-06-11,93.95503997802734,-0.005707049176621903
2018-06-12,94.19679260253906,0.002573067124107986
2018-06-13,93.76909637451172,-0.004540454257630611
2018-06-14,94.29905700683594,0.005651762177674824
2018-06-15,93.0996551513672,-0.012719128839027372
2018-06-18,93.77839660644533,0.007290483020313987
2018-06-19,93.77839660644533,0.0
2018-06-20,94.71749114990234,0.010013975259121288
2018-06-21,94.03872680664062,-0.007166198502740029
2018-06-22,93.35997772216795,-0.007217761315168492
2018-06-25,91.48180389404295,-0.020117547946661873
2018-06-26,92.12335205078124,0.0070128498721051535
2018-06-27,90.69146728515624,-0.015543124883641846
2018-06-28,91.70494842529295,0.011175044030879766
2018-06-29,91.68637084960938,-0.0002025798607663276
2018-07-02,92.9880828857422,0.01419744313217497
2018-07-03,92.09547424316406,-0.009599172440998949
2018-07-05,92.75564575195312,0.0071683382295852915
2018-07-06,94.0573272705078,0.014033447861875992
2018-07-09,94.69886779785156,0.0068207394996320225
2018-07-10,94.949951171875,0.002651387285425688
2018-07-11,94.81976318359376,-0.0013711222246505228
2018-07-12,96.87457275390624,0.02167068869739608
2018-07-13,98.02751922607422,0.011901435427197793
2018-07-16,97.54401397705078,-0.004932341987644917
2018-07-17,98.51099395751952,0.009913268288264554
2018-07-18,97.7392807006836,-0.00783377799607532
2018-07-19,97.06983947753906,-0.006849254653250703
2018-07-20,98.80851745605467,0.01791161897324378
2018-07-23,100.38915252685548,0.015996951593811648
2018-07-24,100.10095977783205,-0.002870755871221653
2018-07-25,103.04837036132812,0.029444378855484343
2018-07-26,101.92330932617188,-0.010917795509151174
2018-07-27,100.11952209472656,-0.017697494747476172
2018-07-30,97.9717254638672,-0.021452326039144043
2018-07-31,98.63187408447266,0.006738154477527569
2018-08-01,98.81783294677734,0.001885383036982713
2018-08-02,100.01725769042967,0.012137735749561784
2018-08-03,100.45427703857422,0.004369439417117427
2018-08-06,100.53794860839844,0.0008329318799644714
2018-08-07,101.23528289794922,0.006936030615334543
2018-08-08,101.8024673461914,0.005602636077126855
2018-08-09,101.96981048583984,0.0016438023950771097
2018-08-10,101.34684753417967,-0.006109288118630762
2018-08-13,100.61231994628906,-0.007247660936299805
2018-08-14,101.8675308227539,0.012475717458209079
2018-08-15,100.48616790771484,-0.013560384784849555
2018-08-16,100.46749114990234,-0.00018586396716469
2018-08-17,100.41146850585938,-0.0005576196180651083
2018-08-20,99.74880981445312,-0.006599432328465382
2018-08-21,98.91809844970705,-0.00832803284862571
2018-08-22,99.92616271972656,0.01019089818565444
2018-08-23,100.39281463623048,0.004669967341914161
2018-08-24,101.1768798828125,0.007809973745860566
2018-08-27,102.29688262939452,0.011069749807260942
2018-08-28,102.91289520263672,0.006021811783589959
2018-08-29,104.55561065673828,0.015962192598576008
2018-08-30,104.49028778076172,-0.000624766816111122
2018-08-31,104.8449935913086,0.0033946294730387017
2018-09-04,104.26627349853516,-0.0055197684977627
2018-09-05,101.2608642578125,-0.028824366114560296
2018-09-06,101.49419403076172,0.002304244336243766
2018-09-07,100.99949645996094,-0.004874146501925414
2018-09-10,102.091552734375,0.010812492266701446
2018-09-11,103.8275909423828,0.01700471940636139
2018-09-12,104.26627349853516,0.004225105794815054
2018-09-13,105.3863296508789,0.010742267031913055
2018-09-14,105.81568908691406,0.004074147353433144
2018-09-17,104.66763305664062,-0.010849582327347118
2018-09-18,105.66634368896484,0.00954173322887475
2018-09-19,104.25696563720705,-0.01333800340349034
2018-09-20,106.00234985351562,0.016741176051316975
2018-09-21,106.64636993408205,0.006075526452539837
2018-09-24,107.0290756225586,0.0035885486652109666
2018-09-25,106.82369995117188,-0.00191887737226637
2018-09-26,106.38501739501952,-0.0041066032757981485
2018-09-27,106.78639221191406,0.0037728509777292807
2018-09-28,106.74903869628906,-0.0003497965878542786
2018-10-01,107.90641021728516,0.01084198541861281
2018-10-02,107.4770736694336,-0.003978786311091498
2018-10-03,107.4957504272461,0.00017377434251653057
2018-10-04,105.27433013916016,-0.020665191686711437
2018-10-05,104.6583023071289,-0.0058516433323957395
2018-10-08,103.4636001586914,-0.011415263979072998
2018-10-09,104.77965545654295,0.012719983606147345
2018-10-10,99.08610534667967,-0.05433831677586176
2018-10-11,98.852783203125,-0.0023547412902983345
2018-10-12,102.26887512207033,0.0345573671094912
2018-10-15,100.4301528930664,-0.017979294548895575
2018-10-16,103.6036148071289,0.03159869643374402
2018-10-17,103.33291625976562,-0.002612829174611475
2018-10-18,101.27017974853516,-0.019962046808444045
2018-10-19,101.4195327758789,0.0014747976918241257
2018-10-22,102.32485961914062,0.008926553085807809
2018-10-23,100.8968505859375,-0.013955641263699414
2018-10-24,95.50196838378906,-0.05346928244854798
2018-10-25,101.08351135253906,0.05844427149731324
2018-10-26,99.83280181884766,-0.012373032129141537
2018-10-29,96.93003845214844,-0.029076248625841905
2018-10-30,96.81802368164062,-0.0011556249465753954
2018-10-31,99.69279479980467,0.029692520140846224
2018-11-01,98.86211395263672,-0.008332406056386188
2018-11-02,99.08610534667967,0.0022656949673387494
2018-11-05,100.34616088867188,0.012716773331473252
2018-11-06,100.54216003417967,0.0019532301362803484
2018-11-07,104.4996566772461,0.039361563763112395
2018-11-08,104.30363464355467,-0.0018758150976212473
2018-11-09,102.26887512207033,-0.019508040428676265
2018-11-12,99.74880981445312,-0.024641566699635575
2018-11-13,99.81414031982422,0.000654950224394879
2018-11-14,98.39869689941406,-0.014180790576112767
2018-11-15,100.56405639648438,0.0220059773686212
2018-11-16,101.51081848144533,0.009414517660547128
2018-11-19,98.07058715820312,-0.0338902924309592
2018-11-20,95.34274291992188,-0.027815110700630474
2018-11-21,96.65509033203124,0.013764523359807157
2018-11-23,96.61761474609376,-0.0003877249072835598
2018-11-26,99.80474853515624,0.03298708830101105
2018-11-27,100.43280792236328,0.00629288081404078
2018-11-28,104.1636734008789,0.03714787583555035
2018-11-29,103.2918930053711,-0.008369332292580745
2018-11-30,103.94805908203124,0.006352541884637741
2018-12-03,105.07292938232422,0.010821465164686517
2018-12-04,101.7264404296875,-0.0318492020000698
2018-12-06,102.35450744628906,0.0061740783806907285
2018-12-07,98.258056640625,-0.04002218278285097
2018-12-10,100.85462188720705,0.02642597803535729
2018-12-11,101.79205322265624,0.009294877298708037
2018-12-12,102.25137329101562,0.004512337199394922
2018-12-13,102.59819793701172,0.0033918825227803318
2018-12-14,99.39229583740234,-0.031247157982029816
2018-12-17,96.44886016845705,-0.02961432417016019
2018-12-18,97.46127319335938,0.010496889472141557
2018-12-19,97.19880676269533,-0.0026930330588162965
2018-12-20,95.15526580810548,-0.021024341991965123
2018-12-21,92.0806121826172,-0.032311965074941496
2018-12-24,88.23726654052734,-0.041738923656020166
2018-12-26,94.26473999023438,0.06830983875660546
2018-12-27,94.84593200683594,0.006165529302491812
2018-12-28,94.10540008544922,-0.007807735194518939
2018-12-31,95.21151733398438,0.01175402524754987
2019-01-02,94.7896957397461,-0.0044303631120445885
2019-01-03,91.30256652832033,-0.03678806208008101
2019-01-04,95.54896545410156,0.046509086077707096
2019-01-07,95.67082214355467,0.001275332379309102
2019-01-08,96.36453247070312,0.007251012498957543
2019-01-09,97.7424774169922,0.014299295715547666
2019-01-10,97.11442565917967,-0.0064255764168235086
2019-01-11,96.36453247070312,-0.007721748683437335
2019-01-14,95.66146087646484,-0.007295958131193436
2019-01-15,98.43617248535156,0.02900553246275339
2019-01-16,98.78299713134766,0.003523345506426523
2019-01-17,99.47669219970705,0.007022413659275806
2019-01-18,100.96711730957033,0.01498265650883468
2019-01-22,99.06422424316406,-0.018846661339967707
2019-01-23,100.02975463867188,0.009746509427437822
2019-01-24,99.55166625976562,-0.004779461677509866
2019-01-25,100.46092987060548,0.009133585051879223
2019-01-28,98.50180053710938,-0.019501405531677674
2019-01-29,96.49576568603516,-0.02036546377970494
2019-01-30,99.7204132080078,0.03341750282043021
2019-01-31,97.8924789428711,-0.018330592567078474
2019-02-01,96.34577178955078,-0.0158000611489566
2019-02-04,99.12045288085938,0.02879919938125952
2019-02-05,100.50778198242188,0.013996395912658333
2019-02-06,99.39229583740234,-0.01109850524026712
2019-02-07,98.67989349365234,-0.00716758112636251
2019-02-08,99.05484771728516,0.0037997023543294706
2019-02-11,98.6611328125,-0.003974716168449133
2019-02-12,100.198486328125,0.015582159577943067
2019-02-13,100.12347412109376,-0.0007486361299470223
2019-02-14,100.20784759521484,0.0008426942319144093
2019-02-15,101.44522094726562,0.012348068357371567
2019-02-19,101.39833068847656,-0.000462222452188632
2019-02-20,100.87116241455078,-0.005198983753937569
2019-02-21,102.99871826171876,0.021091814511112306
2019-02-22,104.4673080444336,0.014258330661777396
2019-02-25,105.0509796142578,0.005587121758473534
2019-02-26,105.7758560180664,0.006900234595339505
2019-02-27,105.59697723388672,-0.0016911116668167914
2019-02-28,105.46519470214844,-0.001247976364384007
2019-03-01,105.9358901977539,0.004463041071841589
2019-03-04,105.68170928955078,-0.0023993842665468446
2019-03-05,105.15454864501952,-0.004988191883677162
2019-03-06,105.20159912109376,0.0004474411870958317
2019-03-07,103.92130279541016,-0.012169932171942621
2019-03-08,104.03424835205078,0.0010868373817731758
2019-03-11,106.21832275390624,0.020993801910930143
2019-03-12,106.9620361328125,0.007001742821992618
2019-03-13,107.79044342041016,0.007744872083110366
2019-03-14,107.87517547607422,0.0007860813349991336
2019-03-15,109.11785125732422,0.011519571354260405
2019-03-18,110.6805648803711,0.014321337939120937
2019-03-19,110.75585174560548,0.0006802175731193127
2019-03-20,110.63349151611328,-0.001104774398496322
2019-03-21,113.1752700805664,0.02297476586538827
2019-03-22,110.19103240966795,-0.026368284067482706
2019-03-25,110.76529693603516,0.005211535946339163
2019-03-26,111.0006332397461,0.0021246393069016545
2019-03-27,109.92742919921876,-0.009668449712438631
2019-03-28,110.07805633544922,0.001370241597822508
2019-03-29,111.02888488769533,0.008637766544029146
2019-04-01,112.04557800292967,0.009157014557632737
2019-04-02,112.20562744140624,0.0014284315483863441
2019-04-03,112.9399185180664,0.006544155524139006
2019-04-04,112.36565399169922,-0.0050846904611084875
2019-04-05,112.8646011352539,0.004440388373404103
2019-04-08,112.90226745605467,0.0003337301547332583
2019-04-09,112.29035949707033,-0.005419802212763503
2019-04-10,113.14704895019533,0.007629234218876624
2019-04-11,113.27883911132812,0.0011647688769222952
2019-04-12,113.86248016357422,0.0051522513544872695
2019-04-15,113.95663452148438,0.0008269129372107109
2019-04-16,113.69305419921876,-0.002312987948199896
2019-04-17,114.63442993164062,0.00827997575623507
2019-04-18,116.1406707763672,0.013139515288947523
2019-04-22,116.5078353881836,0.003161378433256923
2019-04-23,118.08939361572266,0.013574694116233355
2019-04-24,117.6845932006836,-0.0034279150958834714
2019-04-25,121.58199310302734,0.033117333342841615
2019-04-26,122.27863311767578,0.0057297959744591065
2019-04-29,122.16569519042967,-0.0009236112995916201
2019-04-30,122.94700622558594,0.00639550271406697
2019-05-01,120.3864288330078,-0.02082667542046479
2019-05-02,118.81427001953124,-0.01305926946015945
2019-05-03,121.34661865234376,0.02131350579687319
2019-05-06,120.64058685302734,-0.005818306329071987
2019-05-07,118.1646957397461,-0.020522870269999216
2019-05-08,118.1552734375,-7.97387255737636e-05
2019-05-09,118.1458740234375,-7.955137158965897e-05
2019-05-10,119.68034362792967,0.012987923760992004
2019-05-13,116.12185668945312,-0.029733261374477737
2019-05-14,117.4209976196289,0.011187738184811336
2019-05-15,119.07455444335938,0.014082292411506936
2019-05-16,121.82414245605467,0.023091314727557544
2019-05-17,121.0115737915039,-0.006670013415804532
2019-05-20,119.26353454589844,-0.014445223633048898
2019-05-21,119.90605926513672,0.005387436500894571
2019-05-22,120.63361358642578,0.006067702714508405
2019-05-23,119.22571563720705,-0.011670859450878313
2019-05-24,119.28243255615234,0.00047571045090544217
2019-05-28,119.2068328857422,-0.0006337871284990415
2019-05-29,118.0540542602539,-0.00967040728775348
2019-05-30,118.8005142211914,0.0063230353723549015
2019-05-31,116.8635025024414,-0.016304741872947837
2019-06-03,113.2351531982422,-0.031047754230397184
2019-06-04,116.3721694946289,0.02770355501612376
2019-06-05,118.8949966430664,0.02167895605447101
2019-06-06,120.77532196044922,0.015815007952165727
2019-06-07,124.1580581665039,0.02800850497556473
2019-06-10,125.29191589355467,0.009132373232917379
2019-06-11,124.81945037841795,-0.0037709177943939798
2019-06-12,124.24308013916016,-0.004617631607176653
2019-06-13,125.02734375,0.006312332324355019
2019-06-14,125.150146484375,0.0009822070172149644
2019-06-17,125.52810668945312,0.003020054036655173
2019-06-18,127.7108154296875,0.01738820729316215
2019-06-19,128.21157836914062,0.003921069157442059
2019-06-20,129.40213012695312,0.00928583652862236
2019-06-21,129.4210205078125,0.00014598199303872406
2019-06-24,130.1863555908203,0.005913529966035336
2019-06-25,126.07615661621094,-0.03157165707539933
2019-06-26,126.54859161376952,0.0037472192223999556
2019-06-27,126.75648498535156,0.0016427948263268988
2019-06-28,126.5769271850586,-0.0014165571119593157
2019-07-01,128.20213317871094,0.012839670149965343
2019-07-02,129.05252075195312,0.006633178030327924
2019-07-03,129.884033203125,0.006443209681816997
2019-07-05,129.50607299804688,-0.0029099820490409156
2019-07-08,129.41162109375,-0.0007293241321455479
2019-07-09,128.9391326904297,-0.0036510508046107004
2019-07-10,130.25253295898438,0.0101862036850211
2019-07-11,130.772216796875,0.003989817518974981
2019-07-12,131.2446746826172,0.003612830747344864
2019-07-15,131.2446746826172,0.0
2019-07-16,129.5250244140625,-0.013102628908283176
2019-07-17,128.75962829589844,-0.005909252838411039
2019-07-18,128.90135192871094,0.0011006837677940418
2019-07-19,129.09034729003906,0.001466201544826795
2019-07-22,130.80062866210938,0.013248716174166564
2019-07-23,131.6131591796875,0.0062119771585891215
2019-07-24,132.96437072753906,0.01026653836343816
2019-07-25,132.46356201171875,-0.0037664880680444712
2019-07-26,133.55018615722656,0.00820319285549398
2019-07-29,133.25726318359375,-0.0021933550379926725
2019-07-30,132.61476135253906,-0.004821514532903803
2019-07-31,128.75962829589844,-0.029070165472697695
2019-08-01,130.45095825195312,0.013135561032903142
2019-08-02,129.35487365722656,-0.008402273232900215
2019-08-05,124.92340087890624,-0.03425825910559155
2019-08-06,127.26671600341795,0.018758015776269232
2019-08-07,127.82418823242188,0.004380345832047272
2019-08-08,131.23524475097656,0.026685532415448465
2019-08-09,130.1202392578125,-0.00849623510269537
2019-08-12,128.30609130859375,-0.013942088944551512
2019-08-13,130.96119689941406,0.020693527203119455
2019-08-14,127.01740264892578,-0.030114219660937747
2019-08-15,126.73298645019533,-0.0022391907943243305
2019-08-16,129.0557098388672,0.018327693947184587
2019-08-19,131.2172088623047,0.016748573357476815
2019-08-20,130.12693786621094,-0.008308902510171912
2019-08-21,131.57740783691406,0.011146577292047155
2019-08-22,130.61988830566406,-0.0072772335843309666
2019-08-23,126.45806121826172,-0.03186212407151379
2019-08-26,128.4110107421875,0.015443456155436852
2019-08-27,128.6859588623047,0.0021411568877780507
2019-08-28,128.51528930664062,-0.0013262484669883667
2019-08-29,130.9422149658203,0.01888433409186807
2019-08-30,130.6957550048828,-0.0018822040012217434
2019-09-03,128.9703369140625,-0.013201791372304705
2019-09-04,130.4777374267578,0.01168796289723395
2019-09-05,132.77194213867188,0.01758311231601395
2019-09-06,131.87130737304688,-0.006783321469262971
2019-09-09,130.3734130859375,-0.011358758147987591
2019-09-10,129.00827026367188,-0.010471021582949325
2019-09-11,129.04617309570312,0.00029380156755665077
2019-09-12,130.3734130859375,0.010285000774490793
2019-09-13,130.183837890625,-0.0014540939814741138
2019-09-16,129.2452850341797,-0.007209442213816475
2019-09-17,130.25015258789062,0.007774887520617835
2019-09-18,131.3214569091797,0.00822497555667856
2019-09-19,133.7389678955078,0.018409108787150075
2019-09-20,132.1936492919922,-0.01155473702117249
2019-09-23,131.90927124023438,-0.002151223249232448
2019-09-24,130.24072265625,-0.012649213874782128
2019-09-25,132.11781311035156,0.014412469585690646
2019-09-26,132.2884063720703,0.0012912207498942951
2019-09-27,130.57247924804688,-0.012971107378807467
2019-09-30,131.80496215820312,0.009439071060410198
2019-10-01,129.94680786132812,-0.014097756764610225
2019-10-02,127.65254974365234,-0.017655363417038217
2019-10-03,129.19786071777344,0.012105602099012902
2019-10-04,130.9422149658203,0.01350141742561295
2019-10-07,129.9941864013672,-0.007240052909602834
2019-10-08,128.61959838867188,-0.010574226823122368
2019-10-09,131.05599975585938,0.018942691453794014
2019-10-10,131.87130737304688,0.006221062894536056
2019-10-11,132.42117309570312,0.004169714652943801
2019-10-14,132.29795837402344,-0.0009304759865753631
2019-10-15,134.21295166015625,0.014474851385982035
2019-10-16,133.11328125,-0.008193474598045869
2019-10-17,132.43064880371094,-0.005128206891745202
2019-10-18,130.26914978027344,-0.016321743062976957
2019-10-21,131.2361602783203,0.007423173481042378
2019-10-22,129.28318786621094,-0.014881358978863668
2019-10-23,130.10800170898438,0.00637990025143087
2019-10-24,132.66766357421875,0.019673362372897074
2019-10-25,133.41659545898438,0.005645172791835851
2019-10-28,136.6968536376953,0.024586582856698458
2019-10-29,135.40748596191406,-0.009432314215502169
2019-10-30,137.09500122070312,0.012462496048879501
2019-10-31,135.91940307617188,-0.008575062066914496
2019-11-01,136.25125122070312,0.0024415067828489345
2019-11-04,137.03805541992188,0.005774656688798174
2019-11-05,136.95278930664062,-0.0006222075540985861
2019-11-06,136.57354736328125,-0.0027691436244517975
2019-11-07,136.76316833496094,0.0013884165370274815
2019-11-08,138.37481689453125,0.011784229476338615
2019-11-11,138.5170135498047,0.0010276194647600434
2019-11-12,139.42715454101562,0.006570607955561192
2019-11-13,139.6546630859375,0.0016317377032530889
2019-11-14,140.36570739746094,0.005091446972206759
2019-11-15,142.1764373779297,0.012900088020370015
2019-11-18,142.52720642089844,0.002467139066344437
2019-11-19,142.57460021972656,0.0003325245756109485
2019-11-20,142.32728576660156,-0.0017346319242267372
2019-11-21,142.19407653808594,-0.0009359359858380767
2019-11-22,142.2987060546875,0.0007358219072757244
2019-11-25,143.85879516601562,0.010963480656869473
2019-11-26,144.61981201171875,0.005290026548775861
2019-11-27,144.89569091796875,0.0019076148863175213
2019-11-29,144.0015106201172,-0.0061712000694195135
2019-12-02,142.2606964111328,-0.01208886074519544
2019-12-03,142.0323944091797,-0.0016048143142314286
2019-12-04,142.54608154296875,0.003616689952498975
2019-12-05,142.62213134765625,0.0005335103137478203
2019-12-06,144.35345458984375,0.012139232711136705
2019-12-09,143.98248291015625,-0.002569884321380167
2019-12-10,143.76365661621094,-0.0015198119210227956
2019-12-11,144.30589294433594,0.0037717204812934835
2019-12-12,145.7708740234375,0.010151914445147847
2019-12-13,146.9979705810547,0.008417981752787629
2019-12-16,147.94921875,0.0064711653173523676
2019-12-17,147.15013122558594,-0.005401093234323473
2019-12-18,146.8457489013672,-0.0020685154792836613
2019-12-19,148.1204376220703,0.008680460484826957
2019-12-20,149.73756408691406,0.010917645740217585
2019-12-23,149.73756408691406,0.0
2019-12-24,149.70907592773438,-0.0001902539242801815
2019-12-26,150.93617248535156,0.008196540857746681
2019-12-27,151.21206665039062,0.0018278863210596796
2019-12-30,149.90882873535156,-0.008618610564011475
2019-12-31,150.0135040283203,0.0006982596945876995
2020-01-02,152.7911376953125,0.018515890852518258
2020-01-03,150.88865661621094,-0.012451514582575984
2020-01-06,151.2786102294922,0.0025843799131508582
2020-01-07,149.8993377685547,-0.009117432126360181
2020-01-08,152.28697204589844,0.01592825100421913
2020-01-09,154.18948364257812,0.01249293732169221
2020-01-10,153.47601318359375,-0.004627231651143315
2020-01-13,155.32147216796875,0.012024413105958143
2020-01-14,154.22750854492188,-0.0070432220849917515
2020-01-15,155.22633361816406,0.00647630946428257
2020-01-16,158.07058715820312,0.01832326689513608
2020-01-17,158.9552459716797,0.005596606107315605
2020-01-21,158.38453674316406,-0.003590376807175666
2020-01-22,157.62350463867188,-0.004804964677367907
2020-01-23,158.59378051757812,0.006155654774524066
2020-01-24,156.9956817626953,-0.010076679865170912
2020-01-27,154.37020874023438,-0.016723218071879375
2020-01-28,157.3952178955078,0.01959580919116166
2020-01-29,159.84939575195312,0.015592455026648855
2020-01-30,164.3583984375,0.02820781814242035
2020-01-31,161.9326934814453,-0.0147586310107366
2020-02-03,165.8804168701172,0.02437879160655232
2020-02-04,171.34063720703125,0.032916606070440224
2020-02-05,171.13140869140625,-0.0012211260506297394
2020-02-06,174.67953491210938,0.020733343153279904
2020-02-07,174.9268798828125,0.0014159928398456145
2020-02-10,179.50247192382812,0.026157169464640972
2020-02-11,175.45008850097656,-0.022575641323598017
2020-02-12,175.7069854736328,0.001464216831414289
2020-02-13,174.75570678710938,-0.005414006073572897
2020-02-14,176.3157501220703,0.008926995081547817
2020-02-18,178.10409545898438,0.01014285641342827
2020-02-19,178.63824462890625,0.002999084151014797
2020-02-20,175.91024780273438,-0.015271068252147635
2020-02-21,170.34927368164062,-0.03161256487643527
2020-02-24,163.00453186035156,-0.04311578008260475
2020-02-25,160.314697265625,-0.016501593937467862
2020-02-26,162.3177947998047,0.012494784123633806
2020-02-27,150.8810577392578,-0.07045892334018222
2020-02-28,154.53431701660156,0.024212842434184534
2020-03-02,164.81686401367188,0.06653892284628049
2020-03-03,156.9189453125,-0.04791936036664746
2020-03-04,162.6802215576172,0.03671498195226697
2020-03-05,158.59776306152344,-0.02509498977199176
2020-03-06,154.11463928222656,-0.028267257322902917
2020-03-09,143.66986083984375,-0.06777278583675317
2020-03-10,153.49464416503906,0.06838444241376074
2020-03-11,146.541015625,-0.04530209231640969
2020-03-12,132.64324951171875,-0.09483874568500184
2020-03-13,151.5010528564453,0.14216934080056975
2020-03-16,129.17129516601562,-0.14739011557621473
2020-03-17,139.80679321289062,0.08233638931316656
2020-03-18,133.92144775390625,-0.04209627675260719
2020-03-19,136.1249237060547,0.01645349560585352
2020-03-20,131.01222229003906,-0.03755889279362157
2020-03-23,129.7054443359375,-0.009974473612153312
2020-03-24,141.4950714111328,0.09089539098035182
2020-03-25,140.14064025878906,-0.009572285019089244
2020-03-26,148.9065399169922,0.06255073219314311
2020-03-27,142.79234313964844,-0.041060632936284036
2020-03-30,152.83644104003906,0.07034059165600826
2020-03-31,150.43275451660156,-0.015727181993251182
2020-04-01,145.0911407470703,-0.03550831590298209
2020-04-02,148.0957489013672,0.020708419127634103
2020-04-03,146.7317657470703,-0.009210143872565135
2020-04-06,157.6438751220703,0.07436773707071587
2020-04-07,155.94601440429688,-0.010770229521817498
2020-04-08,157.51036071777344,0.010031332441885477
2020-04-09,157.5198974609375,6.054676734024156e-05
2020-04-13,157.87281799316406,0.0022404822369446187
2020-04-14,165.6848907470703,0.04948333001976635
2020-04-15,163.94886779785156,-0.010477859154151337
2020-04-16,168.8707733154297,0.030020979002104653
2020-04-17,170.35882568359375,0.008811781570897237
2020-04-20,166.982177734375,-0.019820798456841815
2020-04-21,160.07623291015625,-0.041357376684859726
2020-04-22,165.51319885253906,0.03396485439180941
2020-04-23,163.51011657714844,-0.012102250994346586
2020-04-24,166.4956817626953,0.018259207736166072
2020-04-27,166.01873779296875,-0.0028646026412044723
2020-04-28,161.974365234375,-0.024360940291193067
2020-04-29,169.24278259277344,0.044873874627513466
2020-04-30,170.9406280517578,0.010032011013844322
2020-05-01,166.51475524902344,-0.025891286660034374
2020-05-04,170.58770751953125,0.02446000815012872
2020-05-05,172.4191436767578,0.010736038275307003
2020-05-06,174.11700439453125,0.009847286569039548
2020-05-07,175.12808227539062,0.005806887640729119
2020-05-08,176.15821838378906,0.005882186882961049
2020-05-11,178.12319946289062,0.011154637558950187
2020-05-12,174.08836364746094,-0.022651938813115113
2020-05-13,171.45574951171875,-0.015122286639866367
2020-05-14,172.19973754882812,0.004339242278128097
2020-05-15,174.7083740234375,0.01456817826971446
2020-05-18,176.37757873535156,0.009554234141576634
2020-05-19,175.15670776367188,-0.006921917062437721
2020-05-20,177.58627319335938,0.01387081009175839
2020-05-21,175.4532012939453,-0.012011468347508658
2020-05-22,175.5297393798828,0.00043623077477672467
2020-05-26,173.6741180419922,-0.01057154955306272
2020-05-27,173.90367126464844,0.0013217468742277028
2020-05-28,173.5115203857422,-0.002254989075586966
2020-05-29,175.28102111816406,0.010198174325762421
2020-06-01,174.8793182373047,-0.002291764837384025
2020-06-02,176.86886596679688,0.01137668964830052
2020-06-03,177.2992706298828,0.002433467646967058
2020-06-04,174.96539306640625,-0.013163492185755188
2020-06-05,179.05926513671875,0.02339818176934405
2020-06-08,180.1688690185547,0.006196852650929285
2020-06-09,181.54624938964844,0.007644940985625626
2020-06-10,188.280029296875,0.03709126423633258
2020-06-11,178.16970825195312,-0.053698318842834825
2020-06-12,179.57582092285156,0.007891985033224858
2020-06-15,180.7236175537109,0.006391710336952627
2020-06-16,185.1522674560547,0.024505097686126076
2020-06-17,185.7930908203125,0.0034610613905114995
2020-06-18,187.78268432617188,0.010708651743048803
2020-06-19,186.66354370117188,-0.005959764762208275
2020-06-22,191.84786987304688,0.027773640578550918
2020-06-23,193.12957763671875,0.006680854807092906
2020-06-24,189.236557006836,-0.020157557829933337
2020-06-25,191.6278686523437,0.012636626259382444
2020-06-26,187.79226684570312,-0.020015887217319173
2020-06-29,189.8104858398437,0.010747082550522702
2020-06-30,194.66001892089844,0.025549342332681357
2020-07-01,195.7982635498047,0.0058473467495592235
2020-07-02,197.2904357910156,0.007620967694799585
2020-07-06,201.53732299804688,0.02152606734332463
2020-07-07,199.19387817382807,-0.011627845350717037
2020-07-08,203.5746917724609,0.021992712019040406
2020-07-09,204.9999084472656,0.007000952143882744
2020-07-10,204.37820434570312,-0.0030327042888529387
2020-07-13,198.065185546875,-0.030888904318533528
2020-07-14,199.28955078125,0.006181627684817004
2020-07-15,198.99298095703125,-0.0014881353440566736
2020-07-16,195.0521697998047,-0.019803769651943193
2020-07-17,194.0574188232422,-0.005099922639073884
2020-07-20,202.398193359375,0.04298096195812051
2020-07-21,199.6721343994141,-0.013468790974435985
2020-07-22,202.54171752929688,0.014371475211170992
2020-07-23,193.732162475586,-0.043495015057510855
2020-07-24,192.54611206054688,-0.006122114159483383
2020-07-27,194.9852294921875,0.012667705442287236
2020-07-28,193.2347869873047,-0.00897730822709808
2020-07-29,195.18606567382807,0.010097967953625053
2020-07-30,195.0330047607422,-0.0007841795087035752
2020-07-31,196.09478759765625,0.005444118743987092
2020-08-03,207.1233673095703,0.056241065084005726
2020-08-04,204.0146942138672,-0.015008799519258709
2020-08-05,203.6799468994141,-0.0016408000205229145
2020-08-06,206.9416656494141,0.01601394147854318
2020-08-07,203.23992919921875,-0.017887825724117623
2020-08-10,199.19387817382807,-0.019907756518772857
2020-08-11,194.53564453125,-0.023385425723339903
2020-08-12,200.09298706054688,0.028567219867021043
2020-08-13,199.6242828369141,-0.00234243203881479
2020-08-14,199.81561279296875,0.0009584503114330456
2020-08-17,201.1355743408203,0.006605897954626849
2020-08-18,202.29298400878903,0.005754375732696104
2020-08-19,201.06564331054688,-0.006067144168424687
2020-08-20,205.7447509765625,0.023271542512057763
2020-08-21,204.24899291992188,-0.0072699694623606925
2020-08-24,204.89138793945312,0.0031451563620834566
2020-08-25,207.55694580078125,0.013009613962475575
2020-08-26,212.04425048828125,0.02161963151937596
2020-08-27,217.25067138671875,0.02455346413047521
2020-08-28,219.4847412109375,0.010283373625308512
2020-08-31,216.2439117431641,-0.014765625391055304
2020-09-01,217.91226196289065,0.007715131521057961
2020-09-02,222.11187744140625,0.019272047569451445
2020-09-03,208.35275268554688,-0.06194682118919581
2020-09-04,205.42832946777344,-0.014035923116346272
2020-09-08,194.3155517578125,-0.054095643666830506
2020-09-09,202.5902404785156,0.042583769779869884
2020-09-10,196.9139709472656,-0.028018474719427422
2020-09-11,195.6291656494141,-0.006524703613821181
2020-09-14,196.9523468017578,0.006763721288445268
2020-09-15,200.18356323242188,0.016406082400817645
2020-09-16,196.607162475586,-0.01786560644184121
2020-09-17,194.55528259277344,-0.01043644522903564
2020-09-18,192.1390380859375,-0.012419321000362693
2020-09-21,194.20046997070312,0.010728855027595241
2020-09-22,198.8795928955078,0.024094292488121116
2020-09-23,192.33074951171875,-0.03292868457966858
2020-09-24,194.82376098632807,0.01296210554442534
2020-09-25,199.26307678222656,0.022786316070604995
2020-09-28,200.8163909912109,0.007795293709541351
2020-09-29,198.72613525390625,-0.010408790472666851
2020-09-30,201.66976928710932,0.014812515874885301
2020-10-01,203.71206665039065,0.010126938561494603
2020-10-02,197.7001953125,-0.029511611348031708
2020-10-05,201.7176971435547,0.020321182913877855
2020-10-06,197.43170166015625,-0.02124749362148559
2020-10-07,201.1903839111328,0.019037886111352487
2020-10-08,201.90945434570312,0.003574079538950281
2020-10-09,206.9241180419922,0.024836200526316743
2020-10-12,212.283935546875,0.02590233345247417
2020-10-13,213.683822631836,0.00659440895211727
2020-10-14,211.7662048339844,-0.008974089728615242
2020-10-15,210.61558532714844,-0.005433442544517386
2020-10-16,210.61558532714844,0.0
2020-10-19,205.3995819091797,-0.02476551490653811
2020-10-20,205.81187438964844,0.0020072703003408687
2020-10-21,205.95571899414065,0.0006989130482331074
2020-10-22,206.0419921875,0.000418891952992162
2020-10-23,207.3268585205078,0.006235944039206132
2020-10-26,201.43002319335932,-0.028442216166436607
2020-10-27,204.46954345703125,0.01508970815514532
2020-10-28,194.334701538086,-0.04956651121527578
2020-10-29,196.2907257080078,0.010065233612116753
2020-10-30,194.13340759277344,-0.010990423044456521
2020-11-02,193.9991607666016,-0.0006915184142517461
2020-11-03,197.93032836914065,0.020263838188808503
2020-11-04,207.480224609375,0.04824877682425588
2020-11-05,214.0960998535156,0.03188677502444559
2020-11-06,214.5084228515625,0.0019258781375701695
2020-11-09,209.3978881835937,-0.023824400925763323
2020-11-10,202.3217620849609,-0.03379272904810127
2020-11-11,207.6336669921875,0.026254738256955124
2020-11-12,206.56935119628903,-0.005125930738094198
2020-11-13,207.5952606201172,0.004966416449908362
2020-11-16,208.2856292724609,0.0033255511242475944
2020-11-17,205.6296844482422,-0.012751454977935395
2020-11-18,202.91876220703125,-0.013183516030212505
2020-11-19,204.2069091796875,0.006348092008081618
2020-11-20,202.25540161132807,-0.009556520767092347
2020-11-23,201.9862518310547,-0.0013307421118502472
2020-11-24,205.5912475585937,0.01784772822337577
2020-11-25,205.60086059570312,4.6758007568925564e-05
2020-11-27,206.9082794189453,0.0063590143516623066
2020-11-30,205.7931365966797,-0.0053895514737121175
2020-12-01,207.8504180908203,0.00999684211127283
2020-12-02,207.0428924560547,-0.003885128748756128
2020-12-03,205.95654296875,-0.005246977930117858
2020-12-04,206.0719146728516,0.0005601749885610907
2020-12-07,206.004638671875,-0.00032646855872331404
2020-12-08,207.6581115722656,0.008026386740855207
2020-12-09,203.6108856201172,-0.019489852438246635
2020-12-10,202.38038635253903,-0.0060433864517142055
2020-12-11,205.0144195556641,0.01301525928770908
2020-12-14,205.9180908203125,0.004407842465944389
2020-12-15,205.85079956054688,-0.0003267865368096201
2020-12-16,210.8017120361328,0.024050975202210667
2020-12-17,210.936264038086,0.000638287045458652
2020-12-18,210.1383514404297,-0.0037827189236282477
2020-12-21,213.98367309570312,0.01829899982042793
2020-12-22,215.2815093994141,0.0060651183566258204
2020-12-23,212.47439575195312,-0.013039269630225836
2020-12-24,214.1375274658203,0.007827445316322956
2020-12-28,216.26205444335932,0.009921320203335693
2020-12-29,215.48336791992188,-0.003600661824108342
2020-12-30,213.1088714599609,-0.011019395524035858
2020-12-31,213.8202514648437,0.0033381060113044647
2021-01-04,209.27316284179688,-0.021265939928026167
2021-01-05,209.4750061035156,0.0009644966367297059
2021-01-06,204.0435028076172,-0.025929123464086934
2021-01-07,209.8499755859375,0.028457033418971323
2021-01-08,211.12857055664065,0.006092900259497824
2021-01-11,209.08090209960932,-0.009698680058471743
2021-01-12,206.61990356445312,-0.011770556327443726
2021-01-13,207.9753570556641,0.006560130306072498
2021-01-14,204.78370666503903,-0.015346291194349604
2021-01-15,204.4280242919922,-0.0017368685177118204
2021-01-19,208.0714874267578,0.017822718521026015
2021-01-20,215.666015625,0.036499610264551396
2021-01-21,216.2716827392578,0.002808356766375919
2021-01-22,217.2137756347656,0.004356062169468489
2021-01-25,220.6553649902344,0.01584424995795697
2021-01-26,223.3471527099609,0.012199058562866183
2021-01-27,223.8950958251953,0.002453324829020609
2021-01-28,229.6919403076172,0.02589089529208688
2021-01-29,222.99142456054688,-0.029171749509785072
2021-02-01,230.3841094970703,0.033152328396001574
2021-02-02,230.24952697753903,-0.0005841658082454959
2021-02-03,233.6045684814453,0.014571328540594841
2021-02-04,232.6528167724609,-0.004074199897593167
2021-02-05,232.83551025390625,0.0007852622804220832
2021-02-08,233.09506225585932,0.0011147440597443214
2021-02-09,234.3448181152344,0.005361571572044976
2021-02-10,233.4315490722656,-0.003897116438562498
2021-02-11,235.03695678710932,0.006877423901028523
2021-02-12,235.5176239013672,0.0020450703618208887
2021-02-16,234.27752685546875,-0.005265410823004024
2021-02-17,235.29884338378903,0.004359430210949533
2021-02-18,234.9037933349609,-0.0016789289872699564
2021-02-19,232.18658447265625,-0.011567326451940474
2021-02-22,225.96206665039065,-0.0268082578345461
2021-02-23,224.76727294921875,-0.005287585296431585
2021-02-24,226.0005798339844,0.005487039410067007
2021-02-25,220.643295288086,-0.023704738057901298
2021-02-26,223.90969848632807,0.014803999341911789
2021-03-01,228.3034820556641,0.019623015881129025
2021-03-02,225.34536743164065,-0.012956940460952748
2021-03-03,219.2653961181641,-0.026980680289870773
2021-03-04,218.46563720703125,-0.0036474469993516
2021-03-05,223.1581420898437,0.021479372878973724
2021-03-08,219.10159301757807,-0.018177912014666453
2021-03-09,225.25863647460932,0.02810131762272161
2021-03-10,223.9482421875,-0.005817287663716364
2021-03-11,228.4865875244141,0.02026515275397589
2021-03-12,227.1568756103516,-0.005819649759180812
2021-03-15,226.2511444091797,-0.003987249775021295
2021-03-16,229.04542541503903,0.012350350815489408
2021-03-17,228.3998413085937,-0.0028185854630168317
2021-03-18,222.3102264404297,-0.02666208011911997
2021-03-19,221.95367431640625,-0.001603849403297608
2021-03-22,227.3881378173828,0.024484674640841808
2021-03-23,228.920166015625,0.006737502725285394
2021-03-24,226.87744140625,-0.008923305643748214
2021-03-25,223.87115478515625,-0.01325070752940416
2021-03-26,227.8602600097656,0.017818754847794382
2021-03-29,226.6654510498047,-0.005243603952307052
2021-03-30,223.39903259277344,-0.014410746948433362
2021-03-31,227.1761016845703,0.01690727595352648
2021-04-01,233.51629638671875,0.02790872215490192
2021-04-05,239.9913482666016,0.027728479682461726
2021-04-06,238.825424194336,-0.004858192100201886
2021-04-07,240.7910614013672,0.008230435321792795
2021-04-08,244.0189666748047,0.013405419846781674
2021-04-09,246.52423095703125,0.010266678514237126
2021-04-12,246.58203125,0.0002344608996218689
2021-04-13,249.0679626464844,0.010081559405940688
2021-04-14,246.273666381836,-0.011219011208657537
2021-04-15,250.0411529541016,0.015297967613087327
2021-04-16,251.2359619140625,0.004778449250632866
2021-04-19,249.30886840820312,-0.007670452474946909
2021-04-20,248.8463897705078,-0.0018550428656957108
2021-04-21,251.08181762695312,0.00898316370394947
2021-04-22,247.796142578125,-0.013086073216619143
2021-04-23,251.63104248046875,0.015476027441124085
2021-04-26,252.0164337158203,0.0015315727008582414
2021-04-27,252.42120361328125,0.0016061250113450498
2021-04-28,245.28125,-0.028285871040453214
2021-04-29,243.3059844970703,-0.008053063586921927
2021-04-30,242.98794555664065,-0.0013071562587622099
2021-05-03,242.6796417236328,-0.0012688029947394153
2021-05-04,238.7579803466797,-0.016159828443372937
2021-05-05,237.48611450195312,-0.005327008726073945
2021-05-06,240.62728881835932,0.013226770428215406
2021-05-07,243.2577514648437,0.010931688834636022
2021-05-10,238.17022705078125,-0.020914130725234847
2021-05-11,237.2548675537109,-0.0038432994266540677
2021-05-12,230.28842163085932,-0.02936271021404646
2021-05-13,234.17149353027344,0.016861776514489613
2021-05-14,239.10487365722656,0.021067381228088378
2021-05-17,236.2431182861328,-0.011968619992230978
2021-05-18,234.2196655273437,-0.008565128895472673
2021-05-19,234.79917907714844,0.0024742309681808905
2021-05-20,238.04415893554688,0.013820235109647694
2021-05-21,236.77896118164065,-0.005314970800223584
2021-05-24,242.19696044921875,0.022882097465668716
2021-05-25,243.10482788085932,0.003748467486778928
2021-05-26,242.8826904296875,-0.0009137517058307454
2021-05-27,240.7772827148437,-0.008668414003151437
2021-05-28,241.13462829589844,0.001484133291253853
